variant,user_input,expected_category,category,match,outcome,reference,response,num_contexts,faithfulness,answer_relevancy,context_precision,context_recall,factual_correctness
baseline(全单轮),在MySQL中，索引、基于成本的优化、EXPLAIN分析分别起什么作用？请分别说明各自的功能。,pending_split,pending_split,1,answered,"索引、基于成本的优化、EXPLAIN 分析的作用分别如下：

- **索引的作用**：  
  - 用于快速定位和检索数据，提高查询效率。  
  - 通过 B+ 树索引，在索引列上使用 `=`、`IN`、`>`、`<`、`BETWEEN`、`LIKE` 等操作符连接常数时，可以产生范围区间，从而加速搜索。  
  - 索引列不重复值的数量（Cardinality）可用于估算查询成本，在单点区间过多或连接查询中依赖统计数据时发挥作用。  
  - 如果索引列在比较表达式中不是以单独列的形式出现（如 `my_col * 2`），将无法使用该索引。  
  - 冗余或重复的索引会增加维护成本，对搜索无额外好处。

- **基于成本的优化的作用**：  
  - MySQL 查询优化器会找出执行语句所有可能使用的方案，对比后选出成本最低的方案（即执行计划）。  
  - 成本计算包括 I/O 成本和 CPU 成本，涉及全表扫描和不同索引的代价分析。  
  - 具体步骤：  
    1. 根据搜索条件找出所有可能使用的索引。  
    2. 计算全表扫描的代价（需要聚簇索引占用的页面数和表中记录数，可通过 `SHOW TABLE STATUS` 查看统计信息）。  
    3. 计算使用不同索引执行查询的代价（考虑范围区间数量、需要回表的记录数等）。  
    4. 对比各种执行方案的代价，选出成本最低的那个。  
  - 在统计索引列不重复值的数量时，若 `IN` 语句参数个数超过系统变量 `eq_range_index_dive_limit`，则使用统计数据（如 `Rows` 和 `Cardinality`）而非 `index dive` 方式计算成本，但统计数据可能不精确。  
  - 索引合并（如 Intersection 合并）的使用取决于优化器判断：只有单独使用某个索引导致回表开销大，而合并后回表记录数大大减少时才会采用。

- **EXPLAIN 分析的作用**：  
  - 用于查看查询语句的执行计划，帮助理解查询是如何执行的，从而改进查询语句以提高性能。  
  - 可在 `SELECT`、`DELETE`、`INSERT`、`REPLACE`、`UPDATE` 语句前加 `EXPLAIN` 查看执行计划。  
  - EXPLAIN 输出的列包括：`id`（每个 SELECT 关键字的唯一 id）、`select_type`（查询类型）、`table`（表名）、`partitions`（匹配的分区信息）、`type`（访问方法）、`possible_keys`（可能用到的索引）、`key`（实际使用的索引）、`key_len`（使用的索引长度）、`ref`（等值匹配的对象信息）、`rows`（预估需读取的记录条数）、`filtered`（过滤后剩余记录百分比）、`Extra`（额外信息）。",索引用于快速定位数据，减少查询时需要扫描的数据量，提高查询效率。基于成本的优化是MySQL查询优化器在真正执行查询前，分析所有可能的执行方案，计算每种方案的成本（如I/O成本和CPU成本），并选择成本最低的方案作为执行计划。EXPLAIN分析用于查看查询语句的执行计划，帮助理解查询是如何执行的，包括使用了哪些索引、访问类型、预估的记录数等信息，从而辅助优化查询语句。,5,1.0,0.709519493778403,0.0,0.6923076923076923,0.46
baseline(全单轮),在MySQL中，索引、基于成本的优化、EXPLAIN分析是如何协作配合的？请综合分析它们之间的关系与设计取舍。,other,other,1,answered,"### 参考答案要点

1. **基于成本的优化是核心决策机制**  
   MySQL 查询优化器会为一条查询找出所有可能使用的方案（如全表扫描、不同索引、索引合并），分别计算每种方案的 **I/O 成本 + CPU 成本**，最终选择 **成本最低的方案** 作为执行计划。  
   - 计算成本时依赖统计数据（如索引列不重复值数量、表记录数、聚簇索引页面数）以及 `index dive` 等方式估算范围区间内的记录数。  
   - 例如，在单表查询中，先找出可能使用的索引，然后计算全表扫描的代价、各索引的代价，最后对比选出最低成本的方案。

2. **索引是优化器可选的具体执行路径**  
   - 优化器根据搜索条件（如 `=`、`IN`、`>`、`<`、`LIKE` 等）找出 **可能使用** 的索引（`possible_keys`），再评估 **实际使用** 哪个索引（`key`）。  
   - 一般情况下最多使用单个二级索引，但特殊场景下可以使用 **索引合并（index merge）**：  
     - **Intersection 合并**：从多个二级索引取主键交集，减少回表记录数。  
     - **Union 合并**：从多个二级索引取主键并集。  
     - **使用条件**：二级索引列需等值匹配（或主键列范围匹配），且优化器认为合并后回表开销显著降低时才会选择。  
   - 索引设计有取舍：  
     - **联合索引可以替代 Intersection 索引合并**（如 `(key1, key3)` 联合索引替代两个单列索引），但需注意业务是否需要单独索引。  
     - **冗余索引** 只增加维护成本，无搜索收益（如已存在 `(name, birthday, phone_number)` 联合索引，再单独建 `(name)` 索引是冗余的）。

3. **EXPLAIN 是查看执行计划的工具**  
   - 通过在查询前加 `EXPLAIN`，可输出执行计划详情，关键列包括：  
     - `type`：访问方法（如 `const`、`ref`、`range`、`index_merge` 等）。  
     - `possible_keys`：可能用到的索引。  
     - `key`：实际使用的索引。  
     - `rows`：预估需读取的记录数。  
     - `filtered`：经过搜索条件过滤后剩余记录条数的百分比。  
     - `Extra`：额外信息（如是否使用索引合并、回表等）。  
   - 通过 EXPLAIN 可验证优化器是否选择了预期的索引或索引合并，辅助调整查询或索引设计。

4. **三者协作关系**  
   - **索引** 提供多种可能的访问路径（单索引/索引合并）。  
   - **基于成本的优化** 根据统计信息和估算成本，从这些路径中选出最优执行计划。  
   - **EXPLAIN** 展示优化器最终选择的执行计划，帮助开发者理解优化器决策（如为什么用了某索引、是否发生了索引合并），进而判断是否需要调整查询条件或索引设计（如用联合索引替代索引合并、避免冗余索引）。  
   - **设计取舍**：优化器在成本估算时会平衡“索引扫描+回表”与“全表扫描”的代价，也会在索引合并与单索引之间权衡（如 Intersection 合并虽减少回表，但需从多个 B+ 树读取数据）；开发者需根据 EXPLAIN 结果和业务场景，决定保留单列索引还是改用联合索引。","MySQL查询优化器在执行单表查询时，会遵循一套基于成本的优化步骤。首先，根据搜索条件找出所有可能使用的索引，例如在查询中，`key1 IN ('a', 'b', 'c')` 和 `key2 > 10 AND key2 < 1000` 这样的条件可以使用二级索引，而 `key3 > key2` 或 `key_part1 LIKE '%hello%'` 这类条件则无法使用索引。接着，计算全表扫描的成本，这包括I/O成本和CPU成本，例如通过聚簇索引的页面数和记录数估算出总成本。然后，计算使用不同索引执行查询的代价，最后对比各种执行方案的代价，选择成本最低的执行计划。

EXPLAIN语句用于查看查询的执行计划，输出包括id、select_type、table、type、possible_keys、key、key_len、rows等列，帮助分析查询性能。例如，possible_keys列显示可能用到的索引，key列显示实际使用的索引，rows列预估需要读取的记录条数。通过EXPLAIN可以识别查询是否有效利用了索引，以及是否需要调整查询或索引设计。

在索引合并方面，MySQL支持Intersection合并和Union合并。Intersection合并适用于不同索引的搜索条件之间使用AND连接，且二级索引列是等值匹配的情况，但优化器只在回表开销过大时才会使用。Union合并适用于OR连接的不同索引条件，同样需要二级索引列等值匹配。此外，基于索引统计数据的成本计算（如使用`SHOW TABLE STATUS`中的Rows和Data_length）比index dive方式简单但不精确，可能影响查询优化决策，尤其在IN查询中，`eq_range_index_dive_limit`参数值过小时可能导致索引未被使用。

设计取舍上，合理创建索引、避免在索引列上使用函数或通配符开头的LIKE条件、以及根据查询模式选择适当的索引合并策略，能有效降低查询成本。同时，监控EXPLAIN输出中的rows和filtered列，可以评估过滤效果，进一步优化查询性能。",5,0.8275862068965517,0.6619211915631328,0.7499999999625,0.6428571428571429,0.64
baseline(全单轮),在MySQL中，Buffer Pool、redo日志、undo日志分别起什么作用？请分别说明各自的功能。,pending_split,pending_split,1,answered,"**Buffer Pool**  
- 作用：解决磁盘速度过慢的问题，将磁盘上的数据页缓存到内存中，后续对页的读写操作在内存中进行，减少磁盘I/O。  
- 说明：对页的修改（如增删改查）都发生在Buffer Pool中，修改后的页面称为脏页，脏页可能暂时不写回磁盘。

**redo日志**  
- 作用：保证事务的持久性。在事务提交时，将事务执行过程中对数据库所做的所有修改（如插入、更新等操作）以日志形式记录并顺序写入磁盘；系统崩溃后重启时，根据redo日志重新执行这些修改，恢复已提交事务的更改。  
- 说明：  
  - 日志先写入log buffer（内存中的redo日志缓冲区），再刷新到磁盘上的redo日志文件（如ib_logfile0、ib_logfile1等）。  
  - 相比直接刷新完整数据页，redo日志占用空间小，且是顺序写入磁盘（顺序I/O），效率更高。  
  - 每条redo日志记录表空间ID、页号、偏移量及具体修改内容，并包含多种类型（如MLOG_COMP_REC_INSERT等），既包含物理层面（指明哪个页被修改），也包含逻辑层面（需通过函数恢复数据）。  
  - 日志文件组容量有限，当对应脏页已刷新到磁盘后，相应redo日志占用的空间可被覆盖重用。

**undo日志**  
- 片段中未提供关于undo日志的任何信息，因此无法给出其作用。",Buffer Pool用于缓存从磁盘读取的数据页，减少磁盘I/O，提高数据访问速度。redo日志记录事务对数据页所做的修改，用于在系统崩溃后恢复数据，保证事务的持久性。undo日志用于事务回滚时撤销已执行的修改，保证事务的原子性。,5,0.375,0.715444313411715,0.0,0.375,0.31
baseline(全单轮),在MySQL中，Buffer Pool、redo日志、undo日志是如何协作配合的？请综合分析它们之间的关系与设计取舍。,other,other,1,answered,"Buffer Pool、redo日志与undo日志的协作与设计取舍如下：

1. **修改流程与日志记录**  
   - 所有对页面的修改首先在 **Buffer Pool** 中完成（缓存磁盘页到内存）。  
   - 每次修改前，先记录 **undo 日志**（用于事务回滚和 MVCC），undo 日志直接写入 Undo 页面（存放在系统表空间或 undo tablespace）。  
   - 同时记录 **redo 日志**（用于崩溃恢复），redo 日志按 mtr（mini-transaction）分组，每个 mtr 结束时将一组不可分割的 redo 日志复制到 **log buffer** 中。

2. **redo 日志的缓冲与刷盘策略**  
   - redo 日志先写入 **log buffer**（内存），随后在特定条件下刷新到磁盘上的 redo 日志文件。  
   - 刷盘触发条件包括：log buffer 空间不足（写入量 ≈ 容量一半）、**事务提交时**（保证持久性）、后台线程每秒刷新、正常关闭服务器、checkpoint 等。  
   - 通过全局变量 `lsn`（写入量）和 `flushed_to_disk_lsn`（已刷盘量）跟踪日志进度，两者差距表示未刷盘日志量。

3. **事务提交时的取舍**  
   - 为保证事务持久性，默认（`innodb_flush_log_at_trx_commit=1`）在事务提交时将 redo 日志同步刷盘。  
   - 若调整该参数为 `0`（由后台线程刷，可能丢失）或 `2`（写到 OS 缓冲区，OS 崩溃则丢失），可在性能提升与持久性之间权衡。

4. **崩溃恢复时的协作**  
   - 崩溃重启后，通过 redo 日志将 Buffer Pool 中已修改但未刷盘的数据页恢复，确保已提交事务的修改不丢失。  
   - redo 日志以 mtr 组为单位，通过 `MLOG_MULTI_REC_END` 标记保证一组日志的原子性恢复（或单条日志通过 type 比特位标记）。  
   - undo 日志则用于回滚未提交事务的修改，与 redo 日志共同实现事务的原子性和持久性。

5. **设计取舍总结**  
   - **Buffer Pool** 减少磁盘 I/O，但修改仅驻留内存；**redo 日志**以较小写入量（而非完整数据页）保证持久性，且顺序写入提升性能。  
   - **undo 日志**记录原始数据用于回滚，与 redo 日志（记录修改操作）分工明确：redo 用于前滚（恢复已提交事务），undo 用于后滚（撤销未提交事务）。  
   - 三者协同：修改在 Buffer Pool 进行，undo 记录原始状态，redo 记录修改操作；提交时刷 redo 而非 Buffer Pool 页，平衡性能与持久性。","Buffer Pool、redo日志和undo日志在InnoDB存储引擎中协同工作，以平衡性能与数据安全。Buffer Pool作为内存缓存，用于加速数据页的读写操作，减少磁盘I/O。当修改数据页时，这些修改首先在Buffer Pool中进行，同时生成redo日志记录这些修改操作，确保事务的持久性。redo日志先写入log buffer，再根据特定时机（如log buffer空间不足、事务提交、后台线程定期刷新等）刷新到磁盘，从而避免频繁的磁盘写入，提升性能。

undo日志则用于支持事务的回滚和多版本并发控制（MVCC）。当事务修改数据时，undo日志记录修改前的数据状态，以便在事务回滚时恢复原数据，或在其他事务读取旧版本数据时提供一致性视图。Buffer Pool中的页面修改与redo日志的写入是原子性的，而undo日志的生成与redo日志的写入也紧密关联，确保在系统崩溃后可以通过redo日志重做已提交事务的修改，并通过undo日志回滚未提交事务的修改。

设计上的取舍体现在：Buffer Pool通过延迟写入减少磁盘操作，但依赖redo日志保证数据不丢失；redo日志采用顺序写入和log buffer缓冲，牺牲部分实时性以换取高吞吐量；undo日志则占用额外存储空间，但提供了事务隔离和回滚能力。三者共同实现了ACID特性中的原子性、一致性和持久性，同时通过内存与磁盘的协作优化了性能。",5,0.09090909090909091,0.6627379083214655,0.0,0.42857142857142855,0.69
baseline(全单轮),在MySQL中，InnoDB的表空间结构、记录行格式、B+树索引分别起什么作用？请分别说明各自的功能。,pending_split,pending_split,1,answered,"表空间结构：InnoDB 以页（16KB）为基本单位管理存储空间，不同类型的页（如 FIL_PAGE_INDEX、FIL_PAGE_INODE 等）用于存放不同用途的数据；表空间分为独立表空间和系统表空间，系统表空间额外包含系统信息（如数据字典中的 SYS_TABLES 等系统表的 B+ 树根页面位置）。段是区的集合（一个索引生成叶子节点段和非叶子节点段两个段），区默认 1MB，并引入碎片区以应对小表空间浪费问题。

记录行格式：指记录在磁盘上的存放方式，InnoDB 设计了 Compact、Redundant、Dynamic 和 Compressed 四种行格式；每条记录除了用户自定义列外，还包含隐藏列（row_id 可选、transaction_id 必选、roll_pointer 必选），InnoDB 优先使用用户自定义主键，其次 Unique 键，若无则自动添加 row_id 隐藏列作为主键。

B+ 树索引：是 InnoDB 存储索引和表数据（聚簇索引）的结构，节点为数据页（FIL_PAGE_INDEX 类型）。根节点自创建后不再移动，根页号记录在数据字典中。叶子节点（第 0 层）存放用户记录，内节点存放目录项记录（record_type = 1）；通过主键或索引列值排序，页内用 Page Directory 二分查找，层级通常不超过 4 层；范围扫描依赖叶子节点顺序，叶子节点和非叶子节点分别使用独立的区（段）。","InnoDB的表空间结构用于管理存储空间的分配，包括区、段和碎片区的概念，以高效地组织数据页的存储，避免小表浪费过多空间。

记录行格式定义了表中每一行数据在磁盘上的物理存储方式，包括如何存储列值、隐藏列以及处理行溢出等情况，确保数据能够被正确读写。

B+树索引是InnoDB中用于加速数据检索的核心结构，它通过多层级目录项记录实现快速定位，聚簇索引直接存储完整用户记录，二级索引则通过索引列和主键值来辅助查找，从而提升查询效率。",5,1.0,0.668123201481439,0.0,0.0,0.21
baseline(全单轮),在MySQL中，InnoDB的表空间结构、记录行格式、B+树索引是如何协作配合的？请综合分析它们之间的关系与设计取舍。,other,other,1,answered,"### 参考答案要点

InnoDB 中，表空间、记录行格式和 B+ 树索引三者紧密协作，共同实现高效的数据存储和检索。其协作关系与设计取舍如下：

1. **表空间作为物理存储容器**：InnoDB 将数据划分为表空间（独立表空间或系统表空间），以**页（默认16KB）**为基本管理单位。每个 B+ 树索引的节点（数据页）都存放在表空间中。表空间通过**段（segment）**来管理索引的叶子节点和非叶子节点，一个索引生成两个段：叶子节点段和非叶子节点段。为节省小表的存储空间，设计引入了**碎片区（fragment区）**，允许一个区中的页服务于不同段，避免小表浪费整个区（1MB）。

2. **B+树索引组织数据**：每个索引对应一棵 B+ 树。所有用户记录存储在**叶子节点**，所有目录项记录存储在**内节点**。根节点自创建后固定不动，其页号记录在数据字典中，用于索引访问的起点。B+树层次通常不超过4层，通过**页目录（Page Directory）**在页面内实现二分查找。

3. **记录行格式支撑索引功能**：B+树节点中的记录（用户记录和目录项记录）使用相同的页结构，通过记录头信息中的 `record_type` 字段区分：值为0表示普通用户记录，值为1表示目录项记录。目录项记录由**索引列 + 页号**组成，为保证唯一性，二级索引的目录项记录会额外包含主键列。

4. **聚簇索引与二级索引**：InnoDB 自动为主键建立**聚簇索引**，叶子节点包含完整的用户记录。用户可为其他列建立**二级索引**，其叶子节点仅包含索引列 + 主键值，查找完整记录需通过**回表**（从二级索引拿到主键值再到聚簇索引查找）或**联合索引**（按多个列排序，本质也是二级索引）。

5. **设计取舍**：
   - **空间代价**：每建立一个索引就增加一棵 B+ 树（每个节点占16KB），索引越多存储空间越大。
   - **时间代价**：增删改操作必须维护所有 B+ 树的节点排序（可能引起页面分裂、记录移位等），索引越多维护代价越高。
   - **灵活性**：通过复用数据页存储目录项记录，实现动态扩展，避免目录项连续存储的不可行性（页大小限制、增删移动成本高）。
   - **存储效率**：碎片区机制在表数据较小时，避免按段整区分配的浪费，平衡了存储效率与扩展性。","InnoDB的表空间结构、记录行格式和B+树索引之间通过精心的设计相互协作，以实现高效的数据存储和检索。

表空间是InnoDB存储数据的逻辑容器，其中包含多个段（segment），每个段由零散的页面和完整的区（extent）组成。段分为叶子节点段和非叶子节点段，分别对应B+树索引的叶子节点和非叶子节点。这种设计使得索引的存储管理更加灵活：对于数据量小的表，段会先从碎片区以单个页面为单位分配空间，避免浪费；当数据量增大后，再以完整的区为单位分配，提升空间利用率。

记录行格式定义了数据在页面中的物理存储方式，包括普通用户记录和目录项记录。目录项记录用于B+树索引的内节点，只包含索引列和页号，而用户记录则存储完整的行数据。通过记录头信息中的`record_type`属性，InnoDB可以区分这两种记录，从而在同一个数据页中混合存储它们，实现索引与数据的统一管理。

B+树索引是InnoDB的核心索引结构，其根页面自创建后永不移动，保证了索引访问的稳定性。索引的叶子节点存储完整的用户记录（聚簇索引）或索引列与主键（二级索引），内节点则存储目录项记录。通过这种分层结构，B+树能够以极少的页面访问次数（通常不超过4层）快速定位目标记录，同时利用页内的二分查找进一步提升效率。

在设计取舍上，InnoDB通过段与区的管理平衡了空间利用率和性能：小表使用碎片区避免浪费，大表使用完整区减少碎片。同时，B+树索引的根节点固定、内节点目录项记录的唯一性等设计，确保了索引的可靠性和查询效率。这种协作使得InnoDB能够高效处理从少量记录到海量数据的各种场景。",5,0.9354838709677419,0.7092976832867867,0.6388888888675925,0.8235294117647058,0.41
baseline(全单轮),COMPACT行格式的NULL值列表是做什么用的？,retrievable,retrievable,1,answered,COMPACT行格式中，NULL值列表用于统一管理表中允许为NULL的列，避免将这些NULL值直接存储在记录的真实数据部分，从而节省空间。其处理过程是：首先统计表中允许存储NULL值的列（不包括主键列和被NOT NULL修饰的列），然后为每个允许为NULL的列分配一个二进制位，若该列的值为NULL则对应位设为1，否则设为0，并将这些二进制位按逆序排列后存储。,COMPACT行格式中的NULL值列表用于标记哪些列允许存储NULL值，并记录每条记录中这些列的实际值是否为NULL。它通过一个或多个字节的二进制位来表示，每个允许为NULL的列对应一个比特位，如果该列的值为NULL，则对应的比特位被设置为1，否则为0。这样可以在存储时节省空间，避免为NULL值分配额外的存储空间。,5,0.5,0.9595633705762362,0.249999999975,1.0,0.83
baseline(全单轮),redo日志里的LSN是什么？,retrievable,retrievable,1,answered,"LSN（Log Sequence Number，日志序列号）是 InnoDB 中表示当前系统写入的 redo 日志总量的全局变量，其值随 redo 日志的写入而单调递增，初始值为 8704。  
每个由 mtr 生成的一组 redo 日志都有唯一的 LSN 值与之对应，LSN 值越小，表示 redo 日志产生得越早。  
LSN 的增长量按实际写入的日志量加上占用的 log block header 和 log block trailer 的大小计算。  
flushed_to_disk_lsn 表示已刷新到磁盘中的 redo 日志量，与 lsn 的差值代表尚未刷盘的日志量。  
checkpoint_lsn 代表当前系统中可以被覆盖的 redo 日志总量，系统崩溃恢复时将从 checkpoint_lsn 对应的位置开始读取 redo 日志。",LSN是日志序列号（Log Sequence Number），它是一个全局变量，用于记录系统中已经写入的redo日志总量。系统启动时，LSN的初始值为8704，之后每写入一组redo日志，LSN的值就会根据实际写入的日志量以及可能占用的额外空间（如log block header和log block trailer）而增长。LSN值越小，表示对应的redo日志产生得越早。,5,1.0,0.7417885866658996,0.6791666666496875,0.8,0.67
baseline(全单轮),什么是聚簇索引？,retrievable,retrievable,1,answered,聚簇索引是 InnoDB 存储引擎中一种特殊的索引，其叶子节点直接存储完整的用户记录（包含所有用户定义的列及隐藏列）。在 MySQL 中，聚簇索引通常以 PRIMARY 索引的形式存在，全表扫描即遍历聚簇索引。与二级索引不同，二级索引的叶子节点只存放索引列和主键，而聚簇索引包含了表的全部数据。,聚簇索引是InnoDB存储引擎中一种特殊的索引结构，它实际上就是数据表本身。在聚簇索引中，索引的叶子节点直接存储了完整的用户记录（即整行数据），而非叶子节点则存储索引键值和指向子节点的指针。每个表只能有一个聚簇索引，通常由主键构成；如果没有定义主键，InnoDB会选择一个唯一的非空索引作为聚簇索引，如果也没有这样的索引，则会隐式生成一个内部列作为聚簇索引。聚簇索引决定了表中数据的物理存储顺序，因此按主键查找数据非常高效。,5,0.09090909090909091,0.9999999999997243,0.0,0.6666666666666666,0.22
baseline(全单轮),innodb_log_file_size 参数有什么作用？,retrievable,retrievable,1,answered,innodb_log_file_size 参数指定每个 redo 日志文件（ib_logfile0、ib_logfile1 等）的大小。在 MySQL 5.7.21 中默认值为 48MB。整个 redo 日志文件组的总大小约等于 innodb_log_file_size × innodb_log_files_in_group。,根据提供的上下文信息，没有提及 `innodb_log_file_size` 参数的作用。,5,1.0,0.0,0.0,0.0,0.0
baseline(全单轮),InnoDB的自适应哈希索引好用吗？,ambiguous,ambiguous,1,answered,"**评判维度及要点**

**维度一：核心工作原理（索引即数据）**
- InnoDB 的索引即数据，数据即索引；聚簇索引叶子节点包含完整用户记录。
- InnoDB 回表需先获取主键，再到聚簇索引中找记录，而 MyISAM 直接用地址偏移量取数据。

**维度二：自适应哈希索引的适用场景与限制**
- 片段未直接说明自适应哈希索引的“好用”与否，也未提及该索引的启用条件、实际性能表现或缺陷。
- 片段中无任何关于自适应哈希索引工作原理、命中率、维护开销或适用查询模式的内容。

**维度三：与 B+ 树索引的关系**
- 片段详细介绍了 B+ 树索引（聚簇索引、二级索引）的结构和访问方法（如 ref、range、索引合并）。
- 关于自适应哈希索引的自动管理与 B+ 树索引的互补关系，片段未提供信息。

**维度四：总结性判断**
- 基于提供的片段，无法评价自适应哈希索引是否“好用”，因为片段未包含其性能优势、局限性或使用建议。
- 片段主要讨论的是 B+ 树索引的原理、统计信息（Cardinality）、索引合并及索引使用注意事项，不涵盖自适应哈希索引的评估。

**最终参考答案要点**  
仅依据片段，自适应哈希索引的内容缺失，无法给出使用评价。如需判断，需补充该索引的命中机制、对等值查询的加速效果、维护成本及与 B+ 树索引的对比信息。",InnoDB的自适应哈希索引能够加速等值查询，但并非所有场景都适用。它由InnoDB存储引擎自动管理，基于频繁访问的索引页构建哈希索引，从而减少B+树搜索的路径。不过，它只对特定模式的查询有效，比如等值匹配，而对于范围查询或排序操作则没有帮助。此外，自适应哈希索引会占用额外的缓冲池内存，并且在高并发写入或表结构频繁变更时可能带来维护开销。因此，是否“好用”取决于具体的工作负载：在大量等值查询且数据访问模式相对稳定的场景下，它能显著提升性能；而在写入密集或查询模式多变的场景中，效果可能有限。,5,0.0,0.8761860259280457,0.0,1.0,0.0
baseline(全单轮),建表用InnoDB还是MyISAM好？,ambiguous,ambiguous,1,answered,"### 评判维度及参考答案要点

#### 一、数据存储方式
- **InnoDB**：数据和索引存储在一起（索引即数据），使用独立表空间（`.ibd`文件）或系统表空间。
- **MyISAM**：数据和索引分开存储，数据文件（`.MYD`）和索引文件（`.MYI`）分离，无表空间概念。

#### 二、索引结构
- **InnoDB**：采用聚簇索引，叶子节点直接存储完整用户记录；主键索引即数据，回表需根据主键到聚簇索引中查找。
- **MyISAM**：索引全部为二级索引，叶子节点存储“主键值 + 行号”，通过行号到数据文件中直接定位记录（地址偏移量访问，速度较快）。

#### 三、行记录统计
- **InnoDB**：`SHOW TABLE STATUS` 中的 `Rows` 值为估计值（如示例中实际10000条，显示9693条）。
- **MyISAM**：`Rows` 值为准确的记录条数。

#### 四、锁机制
- **InnoDB**：支持表锁和行锁（行锁粒度更细，并发性能更好）；DDL语句通过元数据锁（MDL）实现阻塞，尽量避免手动 `LOCK TABLES`。
- **MyISAM**：只支持表级锁，不支持行锁和事务；同一时刻只允许一个会话对表进行写操作，适合只读或读多写少的场景。

#### 五、适用场景
- **InnoDB**：适合需要事务、行级锁、高并发读写、数据完整性要求高的场景。
- **MyISAM**：适合只读、大部分读操作、单用户或低并发写操作的场景；可利用 Concurrent Inserts 特性在读取时同时插入记录。

#### 六、总结性对比（片段中明确提及）
- **InnoDB**：索引即数据，数据即索引，存储紧凑。
- **MyISAM**：索引是索引、数据是数据，分离存储。","选择使用InnoDB还是MyISAM存储引擎，取决于具体的应用场景和需求。

InnoDB支持行级锁和事务，能够提供更精细的并发控制，适合需要高并发写入和数据一致性的场景。而MyISAM将索引和数据分开存储，索引全部为二级索引，查询时需要进行回表操作，但其回表速度较快，因为直接通过地址偏移量访问数据文件。MyISAM的表记录数统计是准确的，而InnoDB的统计值是估计值。

如果应用需要频繁的读写操作、事务支持或行级锁，InnoDB是更好的选择。如果应用以读为主、对事务要求不高，且希望更简单的存储结构，MyISAM可能更合适。",5,0.6153846153846154,0.7778181297969109,0.4499999999775,0.75,0.7
baseline(全单轮),MySQL大表查询慢怎么优化？,ambiguous,ambiguous,1,answered,"### 维度一：索引优化
- **建立合适索引**：对查询条件（WHERE、JOIN）涉及的列建立索引，尤其是被驱动表的连接列，优先选择主键或唯一二级索引，以使用`ref`访问方法降低访问成本。
- **避免过多回表**：若使用二级索引+回表方式，需控制回表记录数量（例如通过`LIMIT`），避免回表过多导致性能低于全表扫描；优化器会根据回表行数选择访问方式。
- **EXISTS子查询中利用索引**：若`[NOT] EXISTS`子查询中可以使用索引，查询速度会显著加快。

### 维度二：子查询优化
- **物化子查询**：将子查询结果物化为临时表（`MATERIALIZED`），为物化表建立索引，再与外层查询进行连接，减少重复扫描成本。
- **转换为semi-join**：优化器可将子查询转换为半连接（semi-join），避免物化开销，直接以连接方式执行。
- **派生表合并**：若派生表可与外层查询合并，优化器会优先选择合并执行，避免派生表物化。
- **常量表优先**：对于主键等值匹配或唯一二级索引等值匹配的查询，优化器将其视为常量表（`constant tables`），优先执行并替换查询条件。

### 维度三：执行计划分析
- **使用EXPLAIN**：通过`EXPLAIN`查看执行计划，关注`id`（表访问顺序）、`select_type`（访问类型，如`SIMPLE`、`MATERIALIZED`）、`type`（如`ALL`全表扫描、`index`索引扫描）、`rows`（预估扫描行数）等关键字段，定位性能瓶颈。
- **单表访问成本分析**：优化器会计算全表扫描与各索引访问的成本（包括回表、扫描行数等），选择成本最低的方案执行。

### 维度四：连接查询优化
- **减少驱动表扇出**：尽量限制驱动表的返回行数（通过`WHERE`、`LIMIT`等），降低驱动表扇出（即驱动表结果集大小）。
- **降低被驱动表访问成本**：在被驱动表连接列上建立索引，使其访问方法尽量为`ref`或`eq_ref`，减少每次连接的开销。
- **优化连接顺序**：对于多表连接，优化器会比较不同驱动表的成本，选择总成本最小的连接顺序。

### 维度五：查询条件与范围优化
- **合理使用搜索条件**：对可产生范围区间（如`>`、`<`、`IN`、`BETWEEN`等）的索引列，优化器会利用索引减少扫描范围。
- **避免无效条件**：如`WHERE TRUE`的冗余条件会被优化器简化；对`[NOT] EXISTS`子查询，若无法转换，需确保子查询内层能高效使用索引。
- **限制查询行数**：通过`LIMIT`减少返回行数，促使优化器更倾向于使用二级索引+回表方式，提升查询效率。","针对大表查询慢的问题，可以从以下几个方面进行优化：

1. **合理使用索引**：对于查询条件中的列，尤其是经常用于WHERE、JOIN、ORDER BY的列，应建立合适的索引。例如，使用二级索引可以加快查询速度，但需要注意回表的代价。如果查询需要回表的记录过多，优化器可能倾向于全表扫描，因此应尽量限制查询返回的记录数（如使用LIMIT），让优化器更倾向于使用索引。

2. **优化子查询**：将子查询转换为连接查询（如semi-join）或物化子查询，可以提升执行效率。例如，对于IN子查询，MySQL优化器可能会将其重写为连接查询，从而利用索引加速。对于EXISTS子查询，如果子查询中可以使用索引，也能显著提高速度。

3. **利用常量表检测**：对于使用主键或唯一二级索引等值匹配的查询，MySQL会将其视为常量表，先执行该查询并将结果替换为常数，从而减少后续表的查询成本。

4. **优化派生表**：对于FROM子句中的子查询（派生表），MySQL支持延迟物化策略，即只在真正需要时才物化派生表，避免不必要的临时表创建开销。同时，物化后的表会建立索引，加快后续查询。

5. **避免全表扫描**：当查询需要回表的记录比例很高时（如超过90%），全表扫描可能比使用二级索引更高效。此时可以通过添加合适的索引或调整查询条件（如增加过滤条件、使用LIMIT）来减少回表记录数，从而让优化器选择索引扫描。

6. **使用EXPLAIN分析执行计划**：通过EXPLAIN查看查询的id、select_type、type、key等字段，可以判断优化器是否将子查询转换为连接、是否使用了索引、是否存在全表扫描等，从而针对性地调整查询或索引设计。

总之，优化大表查询的关键在于减少扫描的数据量、合理利用索引、避免不必要的临时表和回表操作，并通过执行计划分析来验证优化效果。",5,0.5172413793103449,0.8834048526083512,0.7555555555303703,0.5333333333333333,0.2
baseline(全单轮),给表加联合索引好不好？,ambiguous,ambiguous,1,answered,"### 评判维度与参考答案要点

#### 维度一：联合索引对查询性能的提升
- 将多个单列索引合并为一个联合索引，可以避免 **Intersection 索引合并**（多棵 B+ 树读取 + 结果集求交集），减少回表次数。
- 使用联合索引（如 `idx_key1_key3(key1, key3)`）执行 `WHERE key1='a' AND key3='b'` 时，只需扫描一棵 B+ 树，**既不用多读一棵 B+ 树，也不用合并结果**，性能更好。

#### 维度二：联合索引的适用条件（等值匹配要求）
- 联合索引在等值匹配查询中才能高效发挥作用：若查询中联合索引的**每个列都必须等值匹配**，不能出现部分列缺失或范围匹配。
  - 例如 `WHERE key1='a' AND key_part1='a' AND key_part2='b' AND key_part3='c'` 可使用联合索引。
  - 而 `WHERE key1>'a' AND key_part1='a'`（key1 范围匹配）或 `WHERE key1='a' AND key_part1='a'`（联合索引中 key_part2 未出现）**不能**使用 Intersection 索引合并。

#### 维度三：联合索引可能带来的冗余问题
- 如果联合索引（如 `idx_name_birthday_phone_number(name, birthday, phone_number)`）已经覆盖了某个单列（如 `name`），再单独建一个 `idx_name(name)` 是**冗余索引**，只会增加维护成本，对搜索无额外好处。
- 同样，**重复建立相同索引**（如对同一列同时建唯一索引和普通索引）也是冗余。

#### 维度四：联合索引对业务场景的约束（副作用）
- 如果业务存在**单独对联合索引中靠后列（如 `key3`）进行查询**的场景，则删除原单列索引后可能需要**重新添加该列的单独索引**，否则该查询无法利用索引。  
  （即：联合索引不能完美替代所有单列索引，需根据实际查询模式权衡。）

#### 维度五：索引合并（Intersection/Union）与联合索引的关系
- 联合索引可替代 **Intersection 索引合并**：当多个查询条件分别对应不同单列索引时，使用联合索引可避免合并操作。
- 但联合索引无法完全替代 **Union 索引合并**：Union 合并要求二级索引列必须**等值匹配**且主键可以是范围；联合索引若只匹配部分列或涉及范围条件，则无法使用 Index Merge 优化，可能仍需回表或全表扫描。",给表加联合索引通常是有好处的，尤其是在查询中同时涉及多个列作为搜索条件时。使用联合索引可以直接完成查询，避免使用多个单独的索引进行索引合并，从而减少读取多棵B+树和合并结果的开销，使查询更快更高效。不过，在添加联合索引时，也需要考虑业务场景中是否有单独对联合索引中的某个列进行查询的需求，如果有，可能还需要保留该列的单独索引，以避免影响相关查询的性能。,5,0.8888888888888888,0.9097281445773572,0.9999999999,1.0,0.5
baseline(全单轮),用COMPACT行格式还是Dynamic行格式好？,ambiguous,ambiguous,1,answered,"**评判维度及参考答案要点**

**维度一：默认行格式与兼容性**
- MySQL 5.7 的默认行格式是 Dynamic。
- Dynamic 和 Compressed 行为与 Compact 类似，但在处理行溢出数据时不同。

**维度二：行溢出数据处理方式**
- Compact 行格式：在记录的真实数据处存储字段前 768 个字节，超出部分存入其他页。
- Dynamic 行格式：不在记录的真实数据处存储前 768 个字节，而是将所有溢出数据全部存入其他页，只在记录处存储其他页的地址。
- 因此，Dynamic 在行溢出时更节省记录内部空间。

**维度三：空间压缩能力（仅 Compressed）**
- Compressed 行格式与 Dynamic 类似，区别在于 Compressed 会采用压缩算法对页面进行压缩，以节省空间。
- Dynamic 不具备页面压缩功能。

**维度四：适用场景建议**
- 若表中存在较多大字段（如 TEXT/BLOB）或长 VARCHAR，易发生行溢出，推荐使用 Dynamic（默认且无需额外存储前 768 字节）。
- 若对磁盘空间敏感，且可接受压缩带来的 CPU 开销，可选用 Compressed。
- 若无需行溢出优化或压缩，Compact 也够用，但 Dynamic 为默认且更优。",COMPACT行格式和Dynamic行格式的主要区别在于处理行溢出数据的方式。COMPACT行格式会在记录的真实数据处存储字段的前768个字节，而Dynamic行格式则将所有字节都存储到其他页面中，只在记录的真实数据处存储其他页面的地址。因此，Dynamic行格式在处理大字段时可能更节省空间，因为它避免了在记录中存储部分数据。具体选择哪种行格式，取决于应用场景和数据特点。,5,0.42857142857142855,0.8982732610141394,0.99999999995,0.5,0.56
baseline(全单轮),上面说的那个参数怎么配？,missing_info,retrievable,0,answered,,根据提供的上下文信息，没有找到关于“装饰器参数配置”的相关内容。,5,1.0,0.0,,,
baseline(全单轮),它和前面提到的那个有什么区别？,missing_info,missing_info,1,empty,,你说的「前面提到的那个」具体指哪一个？请提供名称或描述。,0,,,,,
baseline(全单轮),刚才那个怎么用？,missing_info,retrievable,0,answered,,根据提供的上下文信息，没有找到关于“装饰器”的使用方法或相关说明。上下文内容主要涉及OpenClaw系统的工具策略、沙箱配置、提示词装配、系统要求以及MySQL的锁机制，未提及装饰器的任何信息。,5,1.0,0.0,,,
baseline(全单轮),这个的适用场景是什么？,missing_info,retrievable,0,answered,,《OpenClaw》适用于需要多步推理与工具调用的任务，例如总结邮件、提取行动项并发送到Slack；也适合需要跨多个渠道部署同一套智能体的场景，比如同时接入Telegram、WhatsApp和内部系统。当任务的输入输出格式多变，用硬编码规则容易出错时，OpenClaw是理想选择。此外，它对可控性、可追溯性和安全性有强需求的环境（如运维、研究、内部自动化）非常适用，并且强调本地优先与数据主权，适合希望在自己设备或服务器上运行的用户。,5,1.0,0.6301026941278947,,,
baseline(全单轮),PostgreSQL的MVCC是怎么实现的？,missing_info,retrievable,0,answered,,PostgreSQL的MVCC实现方式与MySQL不同。在PostgreSQL中，每个事务修改数据时，会创建新的元组版本，而不是直接覆盖原有数据。旧版本的数据会保留在数据页中，直到没有事务再需要访问它们。PostgreSQL通过事务ID和可见性检查来判断哪个版本对当前事务可见。每个数据行都包含创建该行版本的事务ID和删除该行版本的事务ID（如果已删除）。查询时，系统根据当前事务的快照信息，比较这些事务ID，以确定哪些行版本是可见的。此外，PostgreSQL有一个清理进程（VACUUM），负责回收不再需要的旧版本数据，以释放存储空间。,5,0.0,0.7345436042421182,,,
baseline(全单轮),MongoDB的分片机制是怎样的？,missing_info,retrievable,0,answered,,根据提供的上下文信息，无法回答关于MongoDB分片机制的问题。上下文内容主要涉及MySQL数据库的Buffer Pool内部组成、页面类型、段的概念，以及OpenClaw指南中的模型选择与成本优化策略，没有包含任何关于MongoDB分片机制的信息。,5,1.0,0.0,,,
baseline(全单轮),Oracle的RAC架构是什么？,missing_info,retrievable,0,answered,,根据提供的上下文信息，无法回答关于Oracle RAC架构的问题。,5,1.0,0.0,,,
baseline(全单轮),Cassandra的一致性级别有哪些？,missing_info,retrievable,0,answered,,根据提供的上下文信息，无法回答关于Cassandra一致性级别的问题。上下文内容涉及OpenClaw指南中的心跳机制、版本映射、事件幂等性、作用域拆分以及工具权限策略，未包含任何与Cassandra数据库相关的信息。,5,1.0,0.0,,,
+probe,在MySQL中，索引、基于成本的优化、EXPLAIN分析分别起什么作用？请分别说明各自的功能。,pending_split,pending_split,1,answered,"索引、基于成本的优化、EXPLAIN 分析的作用分别如下：

- **索引的作用**：  
  - 用于快速定位和检索数据，提高查询效率。  
  - 通过 B+ 树索引，在索引列上使用 `=`、`IN`、`>`、`<`、`BETWEEN`、`LIKE` 等操作符连接常数时，可以产生范围区间，从而加速搜索。  
  - 索引列不重复值的数量（Cardinality）可用于估算查询成本，在单点区间过多或连接查询中依赖统计数据时发挥作用。  
  - 如果索引列在比较表达式中不是以单独列的形式出现（如 `my_col * 2`），将无法使用该索引。  
  - 冗余或重复的索引会增加维护成本，对搜索无额外好处。

- **基于成本的优化的作用**：  
  - MySQL 查询优化器会找出执行语句所有可能使用的方案，对比后选出成本最低的方案（即执行计划）。  
  - 成本计算包括 I/O 成本和 CPU 成本，涉及全表扫描和不同索引的代价分析。  
  - 具体步骤：  
    1. 根据搜索条件找出所有可能使用的索引。  
    2. 计算全表扫描的代价（需要聚簇索引占用的页面数和表中记录数，可通过 `SHOW TABLE STATUS` 查看统计信息）。  
    3. 计算使用不同索引执行查询的代价（考虑范围区间数量、需要回表的记录数等）。  
    4. 对比各种执行方案的代价，选出成本最低的那个。  
  - 在统计索引列不重复值的数量时，若 `IN` 语句参数个数超过系统变量 `eq_range_index_dive_limit`，则使用统计数据（如 `Rows` 和 `Cardinality`）而非 `index dive` 方式计算成本，但统计数据可能不精确。  
  - 索引合并（如 Intersection 合并）的使用取决于优化器判断：只有单独使用某个索引导致回表开销大，而合并后回表记录数大大减少时才会采用。

- **EXPLAIN 分析的作用**：  
  - 用于查看查询语句的执行计划，帮助理解查询是如何执行的，从而改进查询语句以提高性能。  
  - 可在 `SELECT`、`DELETE`、`INSERT`、`REPLACE`、`UPDATE` 语句前加 `EXPLAIN` 查看执行计划。  
  - EXPLAIN 输出的列包括：`id`（每个 SELECT 关键字的唯一 id）、`select_type`（查询类型）、`table`（表名）、`partitions`（匹配的分区信息）、`type`（访问方法）、`possible_keys`（可能用到的索引）、`key`（实际使用的索引）、`key_len`（使用的索引长度）、`ref`（等值匹配的对象信息）、`rows`（预估需读取的记录条数）、`filtered`（过滤后剩余记录百分比）、`Extra`（额外信息）。",索引用于加速数据检索，通过B+树结构快速定位记录，避免全表扫描。基于成本的优化是MySQL查询优化器在真正执行查询前，分析所有可能的执行方案（如使用不同索引或全表扫描），计算每种方案的I/O和CPU成本，并选择成本最低的方案作为执行计划。EXPLAIN分析则用于查看查询语句的执行计划，输出如id、select_type、table、type、possible_keys、key、rows等列信息，帮助理解查询是如何执行的，从而指导改进查询语句以提高效率。,5,0.8181818181818182,0.5596563823809665,0.0,0.6923076923076923,0.4
+probe,在MySQL中，索引、基于成本的优化、EXPLAIN分析是如何协作配合的？请综合分析它们之间的关系与设计取舍。,other,other,1,answered,"### 参考答案要点

1. **基于成本的优化是核心决策机制**  
   MySQL 查询优化器会为一条查询找出所有可能使用的方案（如全表扫描、不同索引、索引合并），分别计算每种方案的 **I/O 成本 + CPU 成本**，最终选择 **成本最低的方案** 作为执行计划。  
   - 计算成本时依赖统计数据（如索引列不重复值数量、表记录数、聚簇索引页面数）以及 `index dive` 等方式估算范围区间内的记录数。  
   - 例如，在单表查询中，先找出可能使用的索引，然后计算全表扫描的代价、各索引的代价，最后对比选出最低成本的方案。

2. **索引是优化器可选的具体执行路径**  
   - 优化器根据搜索条件（如 `=`、`IN`、`>`、`<`、`LIKE` 等）找出 **可能使用** 的索引（`possible_keys`），再评估 **实际使用** 哪个索引（`key`）。  
   - 一般情况下最多使用单个二级索引，但特殊场景下可以使用 **索引合并（index merge）**：  
     - **Intersection 合并**：从多个二级索引取主键交集，减少回表记录数。  
     - **Union 合并**：从多个二级索引取主键并集。  
     - **使用条件**：二级索引列需等值匹配（或主键列范围匹配），且优化器认为合并后回表开销显著降低时才会选择。  
   - 索引设计有取舍：  
     - **联合索引可以替代 Intersection 索引合并**（如 `(key1, key3)` 联合索引替代两个单列索引），但需注意业务是否需要单独索引。  
     - **冗余索引** 只增加维护成本，无搜索收益（如已存在 `(name, birthday, phone_number)` 联合索引，再单独建 `(name)` 索引是冗余的）。

3. **EXPLAIN 是查看执行计划的工具**  
   - 通过在查询前加 `EXPLAIN`，可输出执行计划详情，关键列包括：  
     - `type`：访问方法（如 `const`、`ref`、`range`、`index_merge` 等）。  
     - `possible_keys`：可能用到的索引。  
     - `key`：实际使用的索引。  
     - `rows`：预估需读取的记录数。  
     - `filtered`：经过搜索条件过滤后剩余记录条数的百分比。  
     - `Extra`：额外信息（如是否使用索引合并、回表等）。  
   - 通过 EXPLAIN 可验证优化器是否选择了预期的索引或索引合并，辅助调整查询或索引设计。

4. **三者协作关系**  
   - **索引** 提供多种可能的访问路径（单索引/索引合并）。  
   - **基于成本的优化** 根据统计信息和估算成本，从这些路径中选出最优执行计划。  
   - **EXPLAIN** 展示优化器最终选择的执行计划，帮助开发者理解优化器决策（如为什么用了某索引、是否发生了索引合并），进而判断是否需要调整查询条件或索引设计（如用联合索引替代索引合并、避免冗余索引）。  
   - **设计取舍**：优化器在成本估算时会平衡“索引扫描+回表”与“全表扫描”的代价，也会在索引合并与单索引之间权衡（如 Intersection 合并虽减少回表，但需从多个 B+ 树读取数据）；开发者需根据 EXPLAIN 结果和业务场景，决定保留单列索引还是改用联合索引。","MySQL查询优化器在执行单表查询时，会基于成本选择最优的执行计划。优化步骤包括：根据搜索条件找出所有可能使用的索引（possible keys），计算全表扫描的代价，计算使用不同索引执行查询的代价，最后对比各种方案的成本，选择最低的那个。

在成本计算中，全表扫描的I/O成本由聚簇索引占用的页面数决定，CPU成本由表中记录数决定。使用二级索引时，成本取决于范围区间的数量和需要回表的记录数。优化器会先分析唯一二级索引，再分析普通索引，并考虑是否使用索引合并（如Intersection合并或Union合并）来减少回表开销。

EXPLAIN语句输出的执行计划包含多个关键列：id表示每个SELECT关键字的唯一标识，select_type表示查询类型，table表示表名，type表示访问方法，possible_keys表示可能用到的索引，key表示实际使用的索引，key_len表示使用的索引长度，rows表示预估读取的记录条数，filtered表示过滤后剩余记录百分比，Extra提供额外信息。这些信息帮助分析查询效率，指导改进查询语句。

索引合并（如Intersection和Union）在特定条件下使用，例如当多个搜索条件分别使用不同索引且通过AND或OR连接时，优化器会评估合并后回表记录数是否显著减少，从而决定是否采用。设计上，优化器在成本与效率之间做出取舍，优先选择成本最低的方案。",5,1.0,0.6556349626248118,0.6999999999766667,0.75,0.5
+probe,在MySQL中，Buffer Pool、redo日志、undo日志分别起什么作用？请分别说明各自的功能。,pending_split,pending_split,1,answered,"**Buffer Pool**  
- 作用：解决磁盘速度过慢的问题，将磁盘上的数据页缓存到内存中，后续对页的读写操作在内存中进行，减少磁盘I/O。  
- 说明：对页的修改（如增删改查）都发生在Buffer Pool中，修改后的页面称为脏页，脏页可能暂时不写回磁盘。

**redo日志**  
- 作用：保证事务的持久性。在事务提交时，将事务执行过程中对数据库所做的所有修改（如插入、更新等操作）以日志形式记录并顺序写入磁盘；系统崩溃后重启时，根据redo日志重新执行这些修改，恢复已提交事务的更改。  
- 说明：  
  - 日志先写入log buffer（内存中的redo日志缓冲区），再刷新到磁盘上的redo日志文件（如ib_logfile0、ib_logfile1等）。  
  - 相比直接刷新完整数据页，redo日志占用空间小，且是顺序写入磁盘（顺序I/O），效率更高。  
  - 每条redo日志记录表空间ID、页号、偏移量及具体修改内容，并包含多种类型（如MLOG_COMP_REC_INSERT等），既包含物理层面（指明哪个页被修改），也包含逻辑层面（需通过函数恢复数据）。  
  - 日志文件组容量有限，当对应脏页已刷新到磁盘后，相应redo日志占用的空间可被覆盖重用。

**undo日志**  
- 片段中未提供关于undo日志的任何信息，因此无法给出其作用。",Buffer Pool用于缓存从磁盘读取的数据页，减少磁盘I/O，提高数据访问速度。redo日志记录事务对数据页所做的修改，用于在系统崩溃后恢复数据，保证事务的持久性。undo日志用于事务回滚时撤销已执行的修改，保证事务的原子性。,5,0.375,0.715444313411715,0.0,0.5,0.31
+probe,在MySQL中，Buffer Pool、redo日志、undo日志是如何协作配合的？请综合分析它们之间的关系与设计取舍。,other,other,1,answered,"Buffer Pool、redo日志与undo日志的协作与设计取舍如下：

1. **修改流程与日志记录**  
   - 所有对页面的修改首先在 **Buffer Pool** 中完成（缓存磁盘页到内存）。  
   - 每次修改前，先记录 **undo 日志**（用于事务回滚和 MVCC），undo 日志直接写入 Undo 页面（存放在系统表空间或 undo tablespace）。  
   - 同时记录 **redo 日志**（用于崩溃恢复），redo 日志按 mtr（mini-transaction）分组，每个 mtr 结束时将一组不可分割的 redo 日志复制到 **log buffer** 中。

2. **redo 日志的缓冲与刷盘策略**  
   - redo 日志先写入 **log buffer**（内存），随后在特定条件下刷新到磁盘上的 redo 日志文件。  
   - 刷盘触发条件包括：log buffer 空间不足（写入量 ≈ 容量一半）、**事务提交时**（保证持久性）、后台线程每秒刷新、正常关闭服务器、checkpoint 等。  
   - 通过全局变量 `lsn`（写入量）和 `flushed_to_disk_lsn`（已刷盘量）跟踪日志进度，两者差距表示未刷盘日志量。

3. **事务提交时的取舍**  
   - 为保证事务持久性，默认（`innodb_flush_log_at_trx_commit=1`）在事务提交时将 redo 日志同步刷盘。  
   - 若调整该参数为 `0`（由后台线程刷，可能丢失）或 `2`（写到 OS 缓冲区，OS 崩溃则丢失），可在性能提升与持久性之间权衡。

4. **崩溃恢复时的协作**  
   - 崩溃重启后，通过 redo 日志将 Buffer Pool 中已修改但未刷盘的数据页恢复，确保已提交事务的修改不丢失。  
   - redo 日志以 mtr 组为单位，通过 `MLOG_MULTI_REC_END` 标记保证一组日志的原子性恢复（或单条日志通过 type 比特位标记）。  
   - undo 日志则用于回滚未提交事务的修改，与 redo 日志共同实现事务的原子性和持久性。

5. **设计取舍总结**  
   - **Buffer Pool** 减少磁盘 I/O，但修改仅驻留内存；**redo 日志**以较小写入量（而非完整数据页）保证持久性，且顺序写入提升性能。  
   - **undo 日志**记录原始数据用于回滚，与 redo 日志（记录修改操作）分工明确：redo 用于前滚（恢复已提交事务），undo 用于后滚（撤销未提交事务）。  
   - 三者协同：修改在 Buffer Pool 进行，undo 记录原始状态，redo 记录修改操作；提交时刷 redo 而非 Buffer Pool 页，平衡性能与持久性。","Buffer Pool、redo日志和undo日志在InnoDB存储引擎中协同工作，以确保事务的原子性、持久性和一致性。Buffer Pool用于缓存数据页，减少磁盘I/O；redo日志记录数据页的修改，保证事务的持久性，即使系统崩溃也能通过重做日志恢复；undo日志则用于事务回滚和MVCC（多版本并发控制），记录数据修改前的状态。

三者配合时，事务修改数据页首先在Buffer Pool中进行，同时生成redo日志记录修改操作，并生成undo日志记录修改前的数据。redo日志先写入log buffer，再根据条件（如log buffer空间不足、事务提交等）刷新到磁盘；undo日志则存储在系统表空间或独立的undo表空间中。这种设计在性能与可靠性之间做了权衡：redo日志采用顺序写入，性能较高；undo日志支持随机访问，用于回滚和一致性读。通过这种协作，InnoDB实现了崩溃恢复、事务回滚和高并发下的数据一致性。",5,0.30434782608695654,0.6579231689715023,0.0,0.5714285714285714,0.5
+probe,在MySQL中，InnoDB的表空间结构、记录行格式、B+树索引分别起什么作用？请分别说明各自的功能。,pending_split,pending_split,1,answered,"表空间结构：InnoDB 以页（16KB）为基本单位管理存储空间，不同类型的页（如 FIL_PAGE_INDEX、FIL_PAGE_INODE 等）用于存放不同用途的数据；表空间分为独立表空间和系统表空间，系统表空间额外包含系统信息（如数据字典中的 SYS_TABLES 等系统表的 B+ 树根页面位置）。段是区的集合（一个索引生成叶子节点段和非叶子节点段两个段），区默认 1MB，并引入碎片区以应对小表空间浪费问题。

记录行格式：指记录在磁盘上的存放方式，InnoDB 设计了 Compact、Redundant、Dynamic 和 Compressed 四种行格式；每条记录除了用户自定义列外，还包含隐藏列（row_id 可选、transaction_id 必选、roll_pointer 必选），InnoDB 优先使用用户自定义主键，其次 Unique 键，若无则自动添加 row_id 隐藏列作为主键。

B+ 树索引：是 InnoDB 存储索引和表数据（聚簇索引）的结构，节点为数据页（FIL_PAGE_INDEX 类型）。根节点自创建后不再移动，根页号记录在数据字典中。叶子节点（第 0 层）存放用户记录，内节点存放目录项记录（record_type = 1）；通过主键或索引列值排序，页内用 Page Directory 二分查找，层级通常不超过 4 层；范围扫描依赖叶子节点顺序，叶子节点和非叶子节点分别使用独立的区（段）。",InnoDB的表空间结构用于管理数据的物理存储，它将数据划分为不同的段、区和页面，以高效地分配和回收存储空间。记录行格式定义了表中每一行数据在磁盘上的具体存储方式，包括字段的顺序、长度和是否包含隐藏列等信息。B+树索引则是一种用于快速查找和组织数据的数据结构，它通过分层的内节点和叶子节点实现高效的数据检索，其中聚簇索引直接存储完整的用户记录，而二级索引则通过索引列和主键值来定位数据。,5,0.7777777777777778,0.9209273687643575,0.0,0.0,0.26
+probe,在MySQL中，InnoDB的表空间结构、记录行格式、B+树索引是如何协作配合的？请综合分析它们之间的关系与设计取舍。,other,other,1,answered,"### 参考答案要点

InnoDB 中，表空间、记录行格式和 B+ 树索引三者紧密协作，共同实现高效的数据存储和检索。其协作关系与设计取舍如下：

1. **表空间作为物理存储容器**：InnoDB 将数据划分为表空间（独立表空间或系统表空间），以**页（默认16KB）**为基本管理单位。每个 B+ 树索引的节点（数据页）都存放在表空间中。表空间通过**段（segment）**来管理索引的叶子节点和非叶子节点，一个索引生成两个段：叶子节点段和非叶子节点段。为节省小表的存储空间，设计引入了**碎片区（fragment区）**，允许一个区中的页服务于不同段，避免小表浪费整个区（1MB）。

2. **B+树索引组织数据**：每个索引对应一棵 B+ 树。所有用户记录存储在**叶子节点**，所有目录项记录存储在**内节点**。根节点自创建后固定不动，其页号记录在数据字典中，用于索引访问的起点。B+树层次通常不超过4层，通过**页目录（Page Directory）**在页面内实现二分查找。

3. **记录行格式支撑索引功能**：B+树节点中的记录（用户记录和目录项记录）使用相同的页结构，通过记录头信息中的 `record_type` 字段区分：值为0表示普通用户记录，值为1表示目录项记录。目录项记录由**索引列 + 页号**组成，为保证唯一性，二级索引的目录项记录会额外包含主键列。

4. **聚簇索引与二级索引**：InnoDB 自动为主键建立**聚簇索引**，叶子节点包含完整的用户记录。用户可为其他列建立**二级索引**，其叶子节点仅包含索引列 + 主键值，查找完整记录需通过**回表**（从二级索引拿到主键值再到聚簇索引查找）或**联合索引**（按多个列排序，本质也是二级索引）。

5. **设计取舍**：
   - **空间代价**：每建立一个索引就增加一棵 B+ 树（每个节点占16KB），索引越多存储空间越大。
   - **时间代价**：增删改操作必须维护所有 B+ 树的节点排序（可能引起页面分裂、记录移位等），索引越多维护代价越高。
   - **灵活性**：通过复用数据页存储目录项记录，实现动态扩展，避免目录项连续存储的不可行性（页大小限制、增删移动成本高）。
   - **存储效率**：碎片区机制在表数据较小时，避免按段整区分配的浪费，平衡了存储效率与扩展性。","InnoDB的表空间结构、记录行格式和B+树索引通过分层设计紧密协作，共同实现高效的数据存储与检索。表空间是物理存储的顶层容器，内部划分为多个页（默认16KB），页是管理存储空间的基本单位。记录行格式定义了数据在页内的具体存储方式，包括用户记录和目录项记录的字段布局、记录头信息（如record_type属性）等。B+树索引则利用这些页来组织数据，其中叶子节点存储用户记录，非叶子节点存储目录项记录，目录项记录仅包含索引列和页号，并通过record_type=1与普通用户记录区分。

在协作中，表空间通过段（segment）管理索引的存储：每个B+树索引生成两个段——叶子节点段和非叶子节点段。段最初从碎片区以单个页面为单位分配空间，当占用超过32个碎片页后，转为以完整的区（1MB）为单位分配，这种设计兼顾了小表的空间效率和大表的性能需求。B+树索引的根页面自创建后固定不动，其位置记录在数据字典中，确保索引访问的稳定性。统计信息（如clustered_index_size）通过分析段对应的INODE Entry结构，统计零散页面和链表中的区数量来计算，这些信息用于优化器选择执行计划。

设计取舍体现在：使用目录项记录复用数据页结构，避免了连续存储目录项带来的空间浪费和增删操作的移动成本；通过碎片区与完整区的混合分配策略，平衡了小表的存储浪费和大表的连续I/O性能；根页面固定不动简化了索引访问路径，但要求数据字典准确记录根页号。整体上，这种协作实现了灵活管理、高效检索和空间利用的平衡。",5,0.8285714285714286,0.7092976832867867,0.499999999975,0.75,0.54
+probe,COMPACT行格式的NULL值列表是做什么用的？,retrievable,retrievable,1,answered,COMPACT行格式中，NULL值列表用于统一管理表中允许为NULL的列，避免将这些NULL值直接存储在记录的真实数据部分，从而节省空间。其处理过程是：首先统计表中允许存储NULL值的列（不包括主键列和被NOT NULL修饰的列），然后为每个允许为NULL的列分配一个二进制位，若该列的值为NULL则对应位设为1，否则设为0，并将这些二进制位按逆序排列后存储。,COMPACT行格式的NULL值列表用于标记哪些列的值是NULL。它通过一个或多个字节的二进制位来表示，每个允许为NULL的列对应一个二进制位，如果该列的值为NULL，则对应的二进制位被设置为1，否则为0。这样可以在存储记录时节省空间，因为对于值为NULL的列，不需要在记录的真实数据部分占用存储空间。,5,0.7142857142857143,0.9657289854099097,0.249999999975,1.0,0.67
+probe,redo日志里的LSN是什么？,retrievable,retrievable,1,answered,"LSN（Log Sequence Number，日志序列号）是 InnoDB 中表示当前系统写入的 redo 日志总量的全局变量，其值随 redo 日志的写入而单调递增，初始值为 8704。  
每个由 mtr 生成的一组 redo 日志都有唯一的 LSN 值与之对应，LSN 值越小，表示 redo 日志产生得越早。  
LSN 的增长量按实际写入的日志量加上占用的 log block header 和 log block trailer 的大小计算。  
flushed_to_disk_lsn 表示已刷新到磁盘中的 redo 日志量，与 lsn 的差值代表尚未刷盘的日志量。  
checkpoint_lsn 代表当前系统中可以被覆盖的 redo 日志总量，系统崩溃恢复时将从 checkpoint_lsn 对应的位置开始读取 redo 日志。",LSN是日志序列号（Log Sequence Number），它是一个全局变量，用于记录系统中已经写入的redo日志总量。系统启动时，LSN的初始值为8704，之后每写入一组redo日志，LSN的值就会根据实际写入的日志量以及可能占用的额外空间（如log block header和log block trailer）相应增加。LSN值越小，表示redo日志产生得越早。,5,1.0,0.7417885866658996,0.6791666666496875,0.8,0.4
+probe,什么是聚簇索引？,retrievable,retrievable,1,answered,聚簇索引是 InnoDB 存储引擎中一种特殊的索引，其叶子节点直接存储完整的用户记录（包含所有用户定义的列及隐藏列）。在 MySQL 中，聚簇索引通常以 PRIMARY 索引的形式存在，全表扫描即遍历聚簇索引。与二级索引不同，二级索引的叶子节点只存放索引列和主键，而聚簇索引包含了表的全部数据。,聚簇索引是InnoDB存储引擎中一种特殊的索引结构，它决定了表中数据的物理存储顺序。在聚簇索引中，索引的叶子节点直接包含了完整的用户记录（即整行数据），而非叶子节点则存储索引键值和指向子节点的指针。每个表只能有一个聚簇索引，通常由主键构成；如果没有定义主键，InnoDB会选择一个唯一的非空索引作为聚簇索引，或者自动生成一个隐藏的聚簇索引。聚簇索引的叶子节点和数据行是存储在一起的，因此通过聚簇索引查找数据时，可以直接获取到完整的行记录，无需额外的回表操作。,5,0.4166666666666667,0.9999999999997243,0.0,0.6666666666666666,0.44
+probe,innodb_log_file_size 参数有什么作用？,retrievable,retrievable,1,answered,innodb_log_file_size 参数指定每个 redo 日志文件（ib_logfile0、ib_logfile1 等）的大小。在 MySQL 5.7.21 中默认值为 48MB。整个 redo 日志文件组的总大小约等于 innodb_log_file_size × innodb_log_files_in_group。,根据提供的上下文信息，`innodb_log_file_size` 参数的作用并未被直接提及。上下文主要讨论了 redo 日志的 block 格式、checkpoint 机制以及日志文件组的管理信息，但未涉及该参数的具体功能。因此，无法基于当前上下文回答该查询。,5,1.0,0.0,0.0,0.0,0.0
+probe,InnoDB的自适应哈希索引好用吗？,ambiguous,retrievable,0,answered,"**评判维度及要点**

**维度一：核心工作原理（索引即数据）**
- InnoDB 的索引即数据，数据即索引；聚簇索引叶子节点包含完整用户记录。
- InnoDB 回表需先获取主键，再到聚簇索引中找记录，而 MyISAM 直接用地址偏移量取数据。

**维度二：自适应哈希索引的适用场景与限制**
- 片段未直接说明自适应哈希索引的“好用”与否，也未提及该索引的启用条件、实际性能表现或缺陷。
- 片段中无任何关于自适应哈希索引工作原理、命中率、维护开销或适用查询模式的内容。

**维度三：与 B+ 树索引的关系**
- 片段详细介绍了 B+ 树索引（聚簇索引、二级索引）的结构和访问方法（如 ref、range、索引合并）。
- 关于自适应哈希索引的自动管理与 B+ 树索引的互补关系，片段未提供信息。

**维度四：总结性判断**
- 基于提供的片段，无法评价自适应哈希索引是否“好用”，因为片段未包含其性能优势、局限性或使用建议。
- 片段主要讨论的是 B+ 树索引的原理、统计信息（Cardinality）、索引合并及索引使用注意事项，不涵盖自适应哈希索引的评估。

**最终参考答案要点**  
仅依据片段，自适应哈希索引的内容缺失，无法给出使用评价。如需判断，需补充该索引的命中机制、对等值查询的加速效果、维护成本及与 B+ 树索引的对比信息。",InnoDB的自适应哈希索引能够自动优化频繁访问的数据页，提升查询性能，但具体是否好用取决于实际工作负载。它适用于等值查询频繁的场景，对于范围查询或大量写入操作可能效果有限。,5,0.0,0.9026786283402558,0.0,0.4,0.0
+probe,建表用InnoDB还是MyISAM好？,ambiguous,ambiguous,1,answered,"### 评判维度及参考答案要点

#### 一、数据存储方式
- **InnoDB**：数据和索引存储在一起（索引即数据），使用独立表空间（`.ibd`文件）或系统表空间。
- **MyISAM**：数据和索引分开存储，数据文件（`.MYD`）和索引文件（`.MYI`）分离，无表空间概念。

#### 二、索引结构
- **InnoDB**：采用聚簇索引，叶子节点直接存储完整用户记录；主键索引即数据，回表需根据主键到聚簇索引中查找。
- **MyISAM**：索引全部为二级索引，叶子节点存储“主键值 + 行号”，通过行号到数据文件中直接定位记录（地址偏移量访问，速度较快）。

#### 三、行记录统计
- **InnoDB**：`SHOW TABLE STATUS` 中的 `Rows` 值为估计值（如示例中实际10000条，显示9693条）。
- **MyISAM**：`Rows` 值为准确的记录条数。

#### 四、锁机制
- **InnoDB**：支持表锁和行锁（行锁粒度更细，并发性能更好）；DDL语句通过元数据锁（MDL）实现阻塞，尽量避免手动 `LOCK TABLES`。
- **MyISAM**：只支持表级锁，不支持行锁和事务；同一时刻只允许一个会话对表进行写操作，适合只读或读多写少的场景。

#### 五、适用场景
- **InnoDB**：适合需要事务、行级锁、高并发读写、数据完整性要求高的场景。
- **MyISAM**：适合只读、大部分读操作、单用户或低并发写操作的场景；可利用 Concurrent Inserts 特性在读取时同时插入记录。

#### 六、总结性对比（片段中明确提及）
- **InnoDB**：索引即数据，数据即索引，存储紧凑。
- **MyISAM**：索引是索引、数据是数据，分离存储。","选择使用InnoDB还是MyISAM存储引擎，取决于具体的应用场景和需求。

InnoDB支持行级锁和事务，适合需要高并发写入、数据一致性要求高的场景。它的索引和数据是存储在一起的，即聚簇索引，查询时通过主键可以直接找到记录，效率较高。InnoDB还支持外键等高级功能。

MyISAM则将索引和数据分开存储，索引全部是二级索引，查询时需要先通过索引找到行号或地址偏移量，再回表读取数据。MyISAM不支持事务和行级锁，但它的表记录数统计是准确的，且在某些只读或读多写少的场景下性能可能较好。

总体而言，对于大多数现代应用，尤其是需要事务支持和并发控制的场景，InnoDB是更推荐的选择。",5,0.38461538461538464,0.6466471668025218,0.4499999999775,0.75,0.63
+probe,MySQL大表查询慢怎么优化？,ambiguous,ambiguous,1,answered,"### 维度一：索引优化
- **建立合适索引**：对查询条件（WHERE、JOIN）涉及的列建立索引，尤其是被驱动表的连接列，优先选择主键或唯一二级索引，以使用`ref`访问方法降低访问成本。
- **避免过多回表**：若使用二级索引+回表方式，需控制回表记录数量（例如通过`LIMIT`），避免回表过多导致性能低于全表扫描；优化器会根据回表行数选择访问方式。
- **EXISTS子查询中利用索引**：若`[NOT] EXISTS`子查询中可以使用索引，查询速度会显著加快。

### 维度二：子查询优化
- **物化子查询**：将子查询结果物化为临时表（`MATERIALIZED`），为物化表建立索引，再与外层查询进行连接，减少重复扫描成本。
- **转换为semi-join**：优化器可将子查询转换为半连接（semi-join），避免物化开销，直接以连接方式执行。
- **派生表合并**：若派生表可与外层查询合并，优化器会优先选择合并执行，避免派生表物化。
- **常量表优先**：对于主键等值匹配或唯一二级索引等值匹配的查询，优化器将其视为常量表（`constant tables`），优先执行并替换查询条件。

### 维度三：执行计划分析
- **使用EXPLAIN**：通过`EXPLAIN`查看执行计划，关注`id`（表访问顺序）、`select_type`（访问类型，如`SIMPLE`、`MATERIALIZED`）、`type`（如`ALL`全表扫描、`index`索引扫描）、`rows`（预估扫描行数）等关键字段，定位性能瓶颈。
- **单表访问成本分析**：优化器会计算全表扫描与各索引访问的成本（包括回表、扫描行数等），选择成本最低的方案执行。

### 维度四：连接查询优化
- **减少驱动表扇出**：尽量限制驱动表的返回行数（通过`WHERE`、`LIMIT`等），降低驱动表扇出（即驱动表结果集大小）。
- **降低被驱动表访问成本**：在被驱动表连接列上建立索引，使其访问方法尽量为`ref`或`eq_ref`，减少每次连接的开销。
- **优化连接顺序**：对于多表连接，优化器会比较不同驱动表的成本，选择总成本最小的连接顺序。

### 维度五：查询条件与范围优化
- **合理使用搜索条件**：对可产生范围区间（如`>`、`<`、`IN`、`BETWEEN`等）的索引列，优化器会利用索引减少扫描范围。
- **避免无效条件**：如`WHERE TRUE`的冗余条件会被优化器简化；对`[NOT] EXISTS`子查询，若无法转换，需确保子查询内层能高效使用索引。
- **限制查询行数**：通过`LIMIT`减少返回行数，促使优化器更倾向于使用二级索引+回表方式，提升查询效率。","针对大表查询慢的问题，可以从以下几个方面进行优化：

1. **合理使用索引**：对于查询条件中涉及的列，尤其是经常用于WHERE、JOIN、ORDER BY的列，应建立合适的索引。例如，使用二级索引可以加快查询速度，但要注意回表的代价——如果回表的记录过多，可能不如全表扫描高效。因此，应尽量让查询返回较少的记录数，比如通过添加LIMIT子句，这样优化器会更倾向于使用二级索引加回表的方式。

2. **优化子查询**：子查询可能导致性能问题。MySQL优化器会尝试将子查询转换为连接（semi-join）或物化子查询。例如，对于IN子查询，优化器可能将其重写为连接查询，从而提升效率。对于EXISTS子查询，如果子查询中可以使用索引，也能显著加快速度。

3. **利用常量表检测**：对于使用主键等值匹配或唯一二级索引等值匹配的查询，MySQL会将其视为常量表，先执行该查询并将结果替换为常数，从而减少后续表的查询成本。

4. **派生表优化**：对于FROM子句中的子查询（派生表），MySQL支持延迟物化策略，即只在真正需要时才物化派生表，避免不必要的开销。

5. **避免全表扫描**：当查询需要回表的记录比例很高时（例如超过90%），优化器可能选择全表扫描。此时应通过添加更精确的查询条件或限制返回行数（如LIMIT）来引导优化器使用索引。

6. **考虑排序需求**：对于有排序的查询，如果使用二级索引排序后需要回表大量记录，成本可能高于全表扫描加文件排序。添加LIMIT子句可以减少回表记录数，使优化器更倾向于使用索引排序。

总之，优化大表查询的关键在于减少扫描的数据量、合理利用索引、避免不必要的子查询和全表扫描，并通过统计信息引导优化器选择更优的执行计划。",5,0.7777777777777778,0.8834048526083512,0.7555555555303703,0.5333333333333333,0.11
+probe,给表加联合索引好不好？,ambiguous,ambiguous,1,answered,"### 评判维度与参考答案要点

#### 维度一：联合索引对查询性能的提升
- 将多个单列索引合并为一个联合索引，可以避免 **Intersection 索引合并**（多棵 B+ 树读取 + 结果集求交集），减少回表次数。
- 使用联合索引（如 `idx_key1_key3(key1, key3)`）执行 `WHERE key1='a' AND key3='b'` 时，只需扫描一棵 B+ 树，**既不用多读一棵 B+ 树，也不用合并结果**，性能更好。

#### 维度二：联合索引的适用条件（等值匹配要求）
- 联合索引在等值匹配查询中才能高效发挥作用：若查询中联合索引的**每个列都必须等值匹配**，不能出现部分列缺失或范围匹配。
  - 例如 `WHERE key1='a' AND key_part1='a' AND key_part2='b' AND key_part3='c'` 可使用联合索引。
  - 而 `WHERE key1>'a' AND key_part1='a'`（key1 范围匹配）或 `WHERE key1='a' AND key_part1='a'`（联合索引中 key_part2 未出现）**不能**使用 Intersection 索引合并。

#### 维度三：联合索引可能带来的冗余问题
- 如果联合索引（如 `idx_name_birthday_phone_number(name, birthday, phone_number)`）已经覆盖了某个单列（如 `name`），再单独建一个 `idx_name(name)` 是**冗余索引**，只会增加维护成本，对搜索无额外好处。
- 同样，**重复建立相同索引**（如对同一列同时建唯一索引和普通索引）也是冗余。

#### 维度四：联合索引对业务场景的约束（副作用）
- 如果业务存在**单独对联合索引中靠后列（如 `key3`）进行查询**的场景，则删除原单列索引后可能需要**重新添加该列的单独索引**，否则该查询无法利用索引。  
  （即：联合索引不能完美替代所有单列索引，需根据实际查询模式权衡。）

#### 维度五：索引合并（Intersection/Union）与联合索引的关系
- 联合索引可替代 **Intersection 索引合并**：当多个查询条件分别对应不同单列索引时，使用联合索引可避免合并操作。
- 但联合索引无法完全替代 **Union 索引合并**：Union 合并要求二级索引列必须**等值匹配**且主键可以是范围；联合索引若只匹配部分列或涉及范围条件，则无法使用 Index Merge 优化，可能仍需回表或全表扫描。",给表加联合索引通常是有好处的，尤其是在查询中多个列经常一起作为条件时。使用联合索引可以直接完成查询，避免使用多个单列索引进行索引合并，这样既不需要多读一棵B+树，也不需要合并结果，查询效率更高。不过，如果业务中还有单独对联合索引中某个列进行查询的场景，那么可能还需要保留该列的单独索引，否则会失去对该列的快速检索能力。,5,0.8888888888888888,0.9097281445773572,0.9999999999,1.0,0.5
+probe,用COMPACT行格式还是Dynamic行格式好？,ambiguous,ambiguous,1,answered,"**评判维度及参考答案要点**

**维度一：默认行格式与兼容性**
- MySQL 5.7 的默认行格式是 Dynamic。
- Dynamic 和 Compressed 行为与 Compact 类似，但在处理行溢出数据时不同。

**维度二：行溢出数据处理方式**
- Compact 行格式：在记录的真实数据处存储字段前 768 个字节，超出部分存入其他页。
- Dynamic 行格式：不在记录的真实数据处存储前 768 个字节，而是将所有溢出数据全部存入其他页，只在记录处存储其他页的地址。
- 因此，Dynamic 在行溢出时更节省记录内部空间。

**维度三：空间压缩能力（仅 Compressed）**
- Compressed 行格式与 Dynamic 类似，区别在于 Compressed 会采用压缩算法对页面进行压缩，以节省空间。
- Dynamic 不具备页面压缩功能。

**维度四：适用场景建议**
- 若表中存在较多大字段（如 TEXT/BLOB）或长 VARCHAR，易发生行溢出，推荐使用 Dynamic（默认且无需额外存储前 768 字节）。
- 若对磁盘空间敏感，且可接受压缩带来的 CPU 开销，可选用 Compressed。
- 若无需行溢出优化或压缩，Compact 也够用，但 Dynamic 为默认且更优。",COMPACT行格式和Dynamic行格式的主要区别在于处理行溢出数据的方式。COMPACT行格式会在记录的真实数据处存储字段前768个字节，而Dynamic行格式则将所有字节都存储到其他页面中，只在记录的真实数据处存储其他页面的地址。因此，Dynamic行格式在处理大数据字段时更为高效，因为它避免了在记录中存储大量数据，从而减少了行溢出的可能性。,5,0.5714285714285714,0.8982732610141394,0.99999999995,0.5,0.47
+probe,上面说的那个参数怎么配？,missing_info,retrievable,0,answered,,根据提供的上下文信息，没有找到关于“装饰器参数怎么配”的相关内容。上下文主要涉及OpenClaw的提示词装配、系统要求、部署预算模板、Agent Loop运行内核以及配置文件结构等内容，未提及装饰器参数的配置方法。,5,1.0,0.0,,,
+probe,它和前面提到的那个有什么区别？,missing_info,missing_info,1,empty,,你说的「前面提到的那个」具体指哪一个？是 ChatGPT、Claude、Cursor、Zapier 还是 Dify？,0,,,,,
+probe,刚才那个怎么用？,missing_info,retrievable,0,answered,,根据提供的上下文信息，没有找到关于“装饰器”用法的内容。上下文主要涉及OpenClaw系统的工具策略、沙箱配置、提示词装配与注入防护，以及MySQL中InnoDB存储引擎的锁机制，未提及装饰器的使用方法。,5,0.8333333333333334,0.0,,,
+probe,这个的适用场景是什么？,missing_info,missing_info,1,empty,,你说的「这个」具体指哪一个？是 OpenClaw 还是其他工具？,0,,,,,
+probe,PostgreSQL的MVCC是怎么实现的？,missing_info,retrievable,0,answered,,PostgreSQL的MVCC实现方式与MySQL有所不同。在PostgreSQL中，每个事务在修改数据时不会直接覆盖旧数据，而是创建新版本的行。当执行UPDATE或DELETE操作时，旧版本的行仍然保留在数据页中，直到没有其他事务需要访问它们。PostgreSQL通过在每个数据行中存储事务ID（xmin和xmax）来管理版本可见性：xmin记录创建该行版本的事务ID，xmax记录删除或更新该行版本的事务ID。查询时，PostgreSQL根据当前事务的快照（snapshot）判断哪些行版本是可见的，快照包含了当前活跃事务的列表。这种机制使得读操作不会阻塞写操作，写操作也不会阻塞读操作，从而实现了高并发性能。此外，PostgreSQL有一个自动清理进程（VACUUM），负责回收不再需要的旧行版本，以释放存储空间。,5,0.0,0.7345436042421182,,,
+probe,MongoDB的分片机制是怎样的？,missing_info,retrievable,0,answered,,根据提供的上下文信息，无法回答关于MongoDB分片机制的问题。上下文内容主要涉及MySQL数据库的Buffer Pool内部组成、页面类型、段的概念，以及OpenClaw的模型选择与MCP生态集成，没有包含任何关于MongoDB分片机制的信息。,5,1.0,0.0,,,
+probe,Oracle的RAC架构是什么？,missing_info,retrievable,0,answered,,根据提供的上下文信息，无法回答关于Oracle RAC架构的问题。上下文内容主要涉及MySQL数据库的行格式、查询执行计划、表空间页面类型、MVCC机制以及字符集设置，没有包含Oracle RAC架构的相关信息。,5,1.0,0.0,,,
+probe,Cassandra的一致性级别有哪些？,missing_info,retrievable,0,answered,,根据提供的上下文信息，无法回答关于Cassandra一致性级别的问题。上下文内容涉及OpenClaw指南中的心跳机制、版本映射、事件幂等性、作用域拆分以及工具权限策略，没有包含任何与Cassandra数据库一致性级别相关的信息。,5,0.8571428571428571,0.0,,,
